{
  "schemaVersion" : "1.0",
  "name" : "./depends-file-sdsm",
  "variables" : [ "D:\\Files\\ShowTask\\data\\jansson\\src\\dtoa.c", "D:\\Files\\ShowTask\\data\\jansson\\src\\dump.c", "D:\\Files\\ShowTask\\data\\jansson\\src\\error.c", "D:\\Files\\ShowTask\\data\\jansson\\src\\hashtable.c", "D:\\Files\\ShowTask\\data\\jansson\\src\\hashtable.h", "D:\\Files\\ShowTask\\data\\jansson\\src\\hashtable_seed.c", "D:\\Files\\ShowTask\\data\\jansson\\src\\jansson.h", "D:\\Files\\ShowTask\\data\\jansson\\src\\jansson_private.h", "D:\\Files\\ShowTask\\data\\jansson\\src\\load.c", "D:\\Files\\ShowTask\\data\\jansson\\src\\lookup3.h", "D:\\Files\\ShowTask\\data\\jansson\\src\\memory.c", "D:\\Files\\ShowTask\\data\\jansson\\src\\pack_unpack.c", "D:\\Files\\ShowTask\\data\\jansson\\src\\strbuffer.c", "D:\\Files\\ShowTask\\data\\jansson\\src\\strbuffer.h", "D:\\Files\\ShowTask\\data\\jansson\\src\\strconv.c", "D:\\Files\\ShowTask\\data\\jansson\\src\\utf.c", "D:\\Files\\ShowTask\\data\\jansson\\src\\utf.h", "D:\\Files\\ShowTask\\data\\jansson\\src\\value.c", "D:\\Files\\ShowTask\\data\\jansson\\src\\version.c" ],
  "cells" : [ {
    "src" : 1,
    "dest" : 10,
    "values" : {
      "Link(possible)" : 6.0
    }
  }, {
    "src" : 1,
    "dest" : 12,
    "values" : {
      "Link(possible)" : 4.0
    }
  }, {
    "src" : 7,
    "dest" : 13,
    "values" : {
      "Import" : 1.0,
      "Parameter" : 1.0
    }
  }, {
    "src" : 1,
    "dest" : 13,
    "values" : {
      "Cast" : 1.0,
      "Call" : 4.0,
      "Use(possible)" : 4.0,
      "Import" : 1.0,
      "Contain" : 1.0
    }
  }, {
    "src" : 12,
    "dest" : 7,
    "values" : {
      "Call" : 3.0,
      "Use(possible)" : 3.0,
      "Import" : 1.0
    }
  }, {
    "src" : 5,
    "dest" : 6,
    "values" : {
      "Import" : 1.0,
      "Implement" : 1.0
    }
  }, {
    "src" : 15,
    "dest" : 16,
    "values" : {
      "Import" : 1.0,
      "Implement" : 5.0
    }
  }, {
    "src" : 11,
    "dest" : 3,
    "values" : {
      "Link(possible)" : 4.0
    }
  }, {
    "src" : 11,
    "dest" : 2,
    "values" : {
      "Link(possible)" : 10.0
    }
  }, {
    "src" : 7,
    "dest" : 4,
    "values" : {
      "Import" : 1.0,
      "Parameter" : 1.0,
      "Contain" : 1.0
    }
  }, {
    "src" : 8,
    "dest" : 17,
    "values" : {
      "Link(possible)" : 11.0
    }
  }, {
    "src" : 7,
    "dest" : 6,
    "values" : {
      "Import" : 1.0,
      "Return" : 1.0,
      "Parameter" : 7.0,
      "Contain" : 6.0
    }
  }, {
    "src" : 11,
    "dest" : 4,
    "values" : {
      "Call" : 4.0,
      "Use(possible)" : 4.0,
      "Use" : 1.0,
      "Contain" : 1.0
    }
  }, {
    "src" : 8,
    "dest" : 15,
    "values" : {
      "Link(possible)" : 5.0
    }
  }, {
    "src" : 8,
    "dest" : 16,
    "values" : {
      "Call" : 5.0,
      "Use(possible)" : 5.0,
      "Import" : 1.0
    }
  }, {
    "src" : 8,
    "dest" : 13,
    "values" : {
      "Call" : 9.0,
      "Use(possible)" : 9.0,
      "Import" : 1.0,
      "Contain" : 1.0
    }
  }, {
    "src" : 8,
    "dest" : 14,
    "values" : {
      "Link(possible)" : 1.0
    }
  }, {
    "src" : 8,
    "dest" : 12,
    "values" : {
      "Link(possible)" : 9.0
    }
  }, {
    "src" : 11,
    "dest" : 17,
    "values" : {
      "Link(possible)" : 24.0
    }
  }, {
    "src" : 8,
    "dest" : 10,
    "values" : {
      "Link(possible)" : 8.0
    }
  }, {
    "src" : 1,
    "dest" : 14,
    "values" : {
      "Link(possible)" : 1.0
    }
  }, {
    "src" : 11,
    "dest" : 15,
    "values" : {
      "Link(possible)" : 2.0
    }
  }, {
    "src" : 11,
    "dest" : 7,
    "values" : {
      "Call" : 13.0,
      "Use(possible)" : 13.0,
      "Import" : 1.0
    }
  }, {
    "src" : 1,
    "dest" : 15,
    "values" : {
      "Link(possible)" : 1.0
    }
  }, {
    "src" : 11,
    "dest" : 6,
    "values" : {
      "Call" : 23.0,
      "Use(possible)" : 17.0,
      "Import" : 1.0,
      "Return" : 11.0,
      "Use" : 10.0,
      "Implement" : 6.0,
      "Parameter" : 14.0,
      "Contain" : 14.0
    }
  }, {
    "src" : 11,
    "dest" : 16,
    "values" : {
      "Call" : 2.0,
      "Use(possible)" : 2.0,
      "Import" : 1.0
    }
  }, {
    "src" : 1,
    "dest" : 16,
    "values" : {
      "Call" : 1.0,
      "Use(possible)" : 1.0,
      "Import" : 1.0
    }
  }, {
    "src" : 11,
    "dest" : 13,
    "values" : {
      "Call" : 10.0,
      "Use(possible)" : 10.0,
      "Use" : 3.0,
      "Contain" : 2.0
    }
  }, {
    "src" : 1,
    "dest" : 17,
    "values" : {
      "Link(possible)" : 19.0
    }
  }, {
    "src" : 10,
    "dest" : 6,
    "values" : {
      "Import" : 1.0,
      "Implement" : 4.0
    }
  }, {
    "src" : 11,
    "dest" : 12,
    "values" : {
      "Link(possible)" : 10.0
    }
  }, {
    "src" : 14,
    "dest" : 13,
    "values" : {
      "Import" : 1.0,
      "Use" : 3.0,
      "Parameter" : 2.0
    }
  }, {
    "src" : 11,
    "dest" : 10,
    "values" : {
      "Link(possible)" : 2.0
    }
  }, {
    "src" : 17,
    "dest" : 16,
    "values" : {
      "Call" : 4.0,
      "Use(possible)" : 4.0,
      "Import" : 1.0
    }
  }, {
    "src" : 8,
    "dest" : 2,
    "values" : {
      "Link(possible)" : 7.0
    }
  }, {
    "src" : 17,
    "dest" : 15,
    "values" : {
      "Link(possible)" : 4.0
    }
  }, {
    "src" : 17,
    "dest" : 10,
    "values" : {
      "Link(possible)" : 22.0
    }
  }, {
    "src" : 10,
    "dest" : 7,
    "values" : {
      "Import" : 1.0,
      "Implement" : 5.0
    }
  }, {
    "src" : 0,
    "dest" : 7,
    "values" : {
      "Import" : 1.0
    }
  }, {
    "src" : 18,
    "dest" : 6,
    "values" : {
      "Import" : 1.0,
      "Implement" : 2.0
    }
  }, {
    "src" : 8,
    "dest" : 6,
    "values" : {
      "Call" : 10.0,
      "Use(possible)" : 5.0,
      "Import" : 1.0,
      "Return" : 11.0,
      "Use" : 17.0,
      "Implement" : 6.0,
      "Parameter" : 19.0,
      "Contain" : 12.0
    }
  }, {
    "src" : 8,
    "dest" : 7,
    "values" : {
      "Call" : 19.0,
      "Use(possible)" : 19.0,
      "Import" : 1.0,
      "Link(possible)" : 2.0
    }
  }, {
    "src" : 1,
    "dest" : 4,
    "values" : {
      "Call" : 6.0,
      "Use(possible)" : 6.0,
      "Parameter" : 1.0,
      "Contain" : 1.0
    }
  }, {
    "src" : 1,
    "dest" : 3,
    "values" : {
      "Link(possible)" : 6.0
    }
  }, {
    "src" : 17,
    "dest" : 3,
    "values" : {
      "Link(possible)" : 22.0
    }
  }, {
    "src" : 17,
    "dest" : 5,
    "values" : {
      "Link(possible)" : 1.0
    }
  }, {
    "src" : 17,
    "dest" : 4,
    "values" : {
      "Call" : 22.0,
      "Use(possible)" : 22.0,
      "Import" : 1.0,
      "Parameter" : 6.0,
      "Contain" : 2.0
    }
  }, {
    "src" : 17,
    "dest" : 7,
    "values" : {
      "Cast" : 32.0,
      "Call" : 23.0,
      "Use(possible)" : 23.0,
      "Import" : 1.0,
      "Use" : 113.0,
      "Link(possible)" : 1.0,
      "Implement" : 2.0,
      "Parameter" : 7.0,
      "Contain" : 25.0
    }
  }, {
    "src" : 17,
    "dest" : 6,
    "values" : {
      "Cast" : 6.0,
      "Call" : 1.0,
      "Use(possible)" : 1.0,
      "Import" : 1.0,
      "Return" : 32.0,
      "Use" : 26.0,
      "Implement" : 58.0,
      "Parameter" : 81.0,
      "Contain" : 23.0
    }
  }, {
    "src" : 12,
    "dest" : 13,
    "values" : {
      "Import" : 1.0,
      "Use" : 29.0,
      "Implement" : 8.0,
      "Parameter" : 8.0
    }
  }, {
    "src" : 1,
    "dest" : 7,
    "values" : {
      "Call" : 12.0,
      "Use(possible)" : 12.0,
      "Import" : 1.0,
      "Link(possible)" : 3.0
    }
  }, {
    "src" : 1,
    "dest" : 6,
    "values" : {
      "Cast" : 3.0,
      "Call" : 17.0,
      "Use(possible)" : 17.0,
      "Import" : 1.0,
      "Use" : 3.0,
      "Implement" : 6.0,
      "Parameter" : 7.0,
      "Contain" : 1.0
    }
  }, {
    "src" : 12,
    "dest" : 10,
    "values" : {
      "Link(possible)" : 3.0
    }
  }, {
    "src" : 2,
    "dest" : 7,
    "values" : {
      "Import" : 1.0,
      "Implement" : 4.0
    }
  }, {
    "src" : 2,
    "dest" : 6,
    "values" : {
      "Use" : 15.0,
      "Parameter" : 6.0
    }
  }, {
    "src" : 3,
    "dest" : 6,
    "values" : {
      "Use" : 3.0,
      "Parameter" : 3.0
    }
  }, {
    "src" : 3,
    "dest" : 4,
    "values" : {
      "Cast" : 12.0,
      "Import" : 1.0,
      "Use" : 85.0,
      "Implement" : 13.0,
      "Parameter" : 14.0,
      "Contain" : 14.0
    }
  }, {
    "src" : 3,
    "dest" : 9,
    "values" : {
      "Import" : 1.0
    }
  }, {
    "src" : 3,
    "dest" : 7,
    "values" : {
      "Call" : 7.0,
      "Use(possible)" : 7.0,
      "Import" : 1.0
    }
  }, {
    "src" : 14,
    "dest" : 7,
    "values" : {
      "Call" : 1.0,
      "Use(possible)" : 1.0,
      "Import" : 1.0,
      "Link(possible)" : 1.0,
      "Implement" : 2.0
    }
  }, {
    "src" : 13,
    "dest" : 6,
    "values" : {
      "Import" : 1.0
    }
  }, {
    "src" : 3,
    "dest" : 10,
    "values" : {
      "Link(possible)" : 7.0
    }
  }, {
    "src" : 4,
    "dest" : 6,
    "values" : {
      "Import" : 1.0,
      "Parameter" : 2.0,
      "Contain" : 1.0
    }
  } ]
}