{
  "plantuml_diagram": "@startuml\ntitle JSON Processing System Module Flow Chart\n\nskinparam nodesep 30\nskinparam ranksep 40\nskinparam package {\n  BackgroundColor #F5F5F5\n  BorderColor #333\n}\n\npackage \"JSON Core Processing\" {\n  rectangle \"JSON Serialization/Deserialization\\nIncludes: C0\" as C0 #FF6347\n  rectangle \"Hashtable Storage\\nIncludes: C1\" as C1 #FF6347\n  rectangle \"String/Number Handling\\nIncludes: C2\" as C2 #FF6347\n}\n\npackage \"Unicode Text Services\" {\n  rectangle \"UTF-8 Processing\\nIncludes: C3\" as C3 #D3D3D3\n}\n\npackage \"Data Conversion Utilities\" {\n  rectangle \"Numeric Conversion\\nIncludes: C4\" as C4 #D3D3D3\n}\n\nC0 --> C1 : **Key-value operations**\nC0 --> C2 : **String/number parsing**\nC0 --> C3 : **Unicode validation**\nC2 --> C0 : **Processed data return**\nC1 --> C0 : **Storage operations**\nC0 ..> C4 : Number conversion\n\nnote right of C0: **Core Processing Path**\\nHandles primary JSON workflow\nnote bottom of C3: Peripheral Service\\n(Only invoked when needed)\n@enduml",
  "communities": [
    {
      "id": "Community_0",
      "nodes": [
        1,
        2,
        5,
        6,
        7,
        8,
        10,
        11,
        17,
        18
      ],
      "size": 10,
      "funcs": [
        "Provides JSON serialization functions including string, array, object, and primitive value formatting with various output options.",
        "Provides error handling and initialization functions for JSON parsing operations, including source tracking and message formatting.",
        "Generates random seeds for hash functions using various methods including /dev/urandom, Windows CryptoAPI, and timestamp/PID fallback.",
        "Provides core JSON data structure definitions, manipulation functions, and serialization/deserialization utilities.",
        "Defines internal data structures, utilities, and macros for JSON parsing and manipulation in Jansson library.",
        "Implements lexical analysis and parsing of JSON data from various sources (strings, files, callbacks).",
        "Provides memory allocation, reallocation, and deallocation functions for JSON data handling, with customizable allocators.",
        "Implements JSON packing (serialization) and unpacking (deserialization) with format string parsing and error handling.",
        "Implements core JSON data type handling including objects, arrays, strings, integers, reals, and simple values with creation, manipulation, and comparison functions.",
        "Provides version string and comparison functionality for the Jansson library"
      ],
      "description": {
        "community_summary": "A JSON processing library providing serialization, deserialization, parsing, and manipulation of JSON data structures with comprehensive error handling and memory management.",
        "architectural_role": [
          "Core Services",
          "Data Hubs"
        ],
        "project_alignment": {
          "score": 1,
          "reason": "Fully aligns with JSON processing objectives"
        },
        "key_functions": [
          "JSON serialization/deserialization",
          "JSON parsing",
          "JSON data manipulation"
        ],
        "cross_community_impact": {
          "provides": [
            "JSON data handling services",
            "Error reporting utilities"
          ],
          "requires": [
            "System memory allocation",
            "Random seed generation"
          ]
        }
      }
    },
    {
      "id": "Community_1",
      "nodes": [
        3,
        4,
        9
      ],
      "size": 3,
      "funcs": [
        "Implements a hashtable for key-value storage, supporting insertion, deletion, lookup, and iteration operations.",
        "Provides hashtable implementation for JSON key-value storage and manipulation, including init, set, get, del, clear, and iteration functions.",
        "Provides efficient 32-bit hash functions for hash table lookup, supporting variable-length keys and endian-aware operations."
      ],
      "description": {
        "community_summary": "Implements a hashtable for JSON key-value storage with efficient hash functions, supporting operations like insertion, deletion, lookup, and iteration.",
        "architectural_role": [
          "Core Services",
          "Data Hubs"
        ],
        "project_alignment": {
          "score": 0.9,
          "reason": "Essential for JSON data manipulation"
        },
        "key_functions": [
          "Key-value storage",
          "Hash table operations",
          "Efficient hashing"
        ],
        "cross_community_impact": {
          "provides": [
            "JSON data storage and retrieval"
          ],
          "requires": [
            "Efficient hash functions"
          ]
        }
      }
    },
    {
      "id": "Community_2",
      "nodes": [
        12,
        13,
        14
      ],
      "size": 3,
      "funcs": [
        "Provides dynamic string buffer management with initialization, appending, clearing, and value retrieval functions.",
        "Provides string buffer management including initialization, appending, clearing, and value retrieval.",
        "Provides locale-aware double-to-string and string-to-double conversion functions for JSON number handling"
      ],
      "description": {
        "community_summary": "Provides dynamic string buffer management and locale-aware string-double conversion for JSON data handling.",
        "architectural_role": [
          "Core Services",
          "Support Modules"
        ],
        "project_alignment": {
          "score": 0.9,
          "reason": "Essential for JSON data processing"
        },
        "key_functions": [
          "String buffer management",
          "String-double conversion",
          "JSON number handling"
        ],
        "cross_community_impact": {
          "provides": [
            "String manipulation utilities",
            "Locale-aware number conversion"
          ],
          "requires": [
            "JSON parsing services",
            "Memory management"
          ]
        }
      }
    },
    {
      "id": "Community_3",
      "nodes": [
        15,
        16
      ],
      "size": 2,
      "funcs": [
        "Provides UTF-8 encoding, decoding, validation, and iteration functions for Unicode text processing.",
        "Provides UTF-8 encoding, validation, and iteration functions for Unicode text processing."
      ],
      "description": {
        "community_summary": "Provides UTF-8 encoding, decoding, validation, and iteration functions for Unicode text processing.",
        "architectural_role": [
          "Core Services"
        ],
        "project_alignment": {
          "score": 0.9,
          "reason": "Essential for Unicode text handling"
        },
        "key_functions": [
          "UTF-8 encoding",
          "UTF-8 decoding",
          "Unicode validation"
        ],
        "cross_community_impact": {
          "provides": [
            "Unicode text processing utilities"
          ],
          "requires": []
        }
      }
    },
    {
      "id": "Community_4",
      "nodes": [
        0
      ],
      "size": 1,
      "funcs": [
        "Implements string-to-double (strtod) and double-to-string (dtoa) conversion with IEEE arithmetic support, handling various edge cases and rounding modes."
      ],
      "description": {
        "community_summary": "Provides string-to-double and double-to-string conversion utilities with IEEE arithmetic support.",
        "architectural_role": [
          "Support Modules"
        ],
        "project_alignment": {
          "score": 0.8,
          "reason": "Essential for data parsing and serialization"
        },
        "key_functions": [
          "strtod conversion",
          "dtoa conversion",
          "IEEE arithmetic handling"
        ],
        "cross_community_impact": {
          "provides": [
            "Data conversion utilities"
          ],
          "requires": [
            "IEEE arithmetic support"
          ]
        }
      }
    }
  ],
  "nodes": [
    {
      "id": 0,
      "name": "D:\\Files\\ShowTask\\data\\jansson\\src\\dtoa.c",
      "fr": {
        "functional_relevance": {
          "score": 0.9,
          "reason": "Core floating-point conversion"
        },
        "criticality": {
          "score": 0.9,
          "reason": "Essential for accurate string conversion"
        },
        "functional_summary": "Implements string-to-double (strtod) and double-to-string (dtoa) conversion with IEEE arithmetic support, handling various edge cases and rounding modes.",
        "dependencies": [
          "jansson_private.h",
          "stdlib.h",
          "string.h",
          "locale.h",
          "float.h",
          "math.h",
          "errno.h"
        ],
        "dependent_modules": [
          "JSON parsing/serialization",
          "Numerical applications"
        ],
        "analysis_insights": [
          "Highly optimized implementation with special handling for denormals, overflows, and underflows",
          "Supports multiple rounding modes and locale-specific decimal points",
          "Contains extensive comments documenting the algorithm and edge cases"
        ]
      }
    },
    {
      "id": 1,
      "name": "D:\\Files\\ShowTask\\data\\jansson\\src\\dump.c",
      "fr": {
        "functional_relevance": {
          "score": 0.9,
          "reason": "Core JSON serialization functionality"
        },
        "criticality": {
          "score": 0.9,
          "reason": "Essential for JSON output operations"
        },
        "functional_summary": "Provides JSON serialization functions including string, array, object, and primitive value formatting with various output options.",
        "dependencies": [
          "jansson_private.h",
          "strbuffer.h",
          "utf.h",
          "hashtable.h"
        ],
        "dependent_modules": [
          "Any module requiring JSON output",
          "JSON API consumers"
        ],
        "analysis_insights": [
          "Implements multiple output targets (string buffer, file, fd) through callback architecture",
          "Handles circular references and complex JSON structures safely"
        ]
      }
    },
    {
      "id": 2,
      "name": "D:\\Files\\ShowTask\\data\\jansson\\src\\error.c",
      "fr": {
        "functional_relevance": {
          "score": 0.8,
          "reason": "Core error handling for JSON parsing"
        },
        "criticality": {
          "score": 0.7,
          "reason": "Essential but replaceable with custom implementation"
        },
        "functional_summary": "Provides error handling and initialization functions for JSON parsing operations, including source tracking and message formatting.",
        "dependencies": [
          "jansson_private.h",
          "string.h"
        ],
        "dependent_modules": [
          "Modules performing JSON parsing/validation"
        ],
        "analysis_insights": [
          "Implements robust error tracking with source context and formatted messages",
          "Includes protection against buffer overflows in error message handling"
        ]
      }
    },
    {
      "id": 3,
      "name": "D:\\Files\\ShowTask\\data\\jansson\\src\\hashtable.c",
      "fr": {
        "functional_relevance": {
          "score": 0.9,
          "reason": "Core hashtable implementation"
        },
        "criticality": {
          "score": 0.9,
          "reason": "Essential for JSON data handling"
        },
        "functional_summary": "Implements a hashtable for key-value storage, supporting insertion, deletion, lookup, and iteration operations.",
        "dependencies": [
          "jansson_private.h",
          "hashtable.h",
          "lookup3.h",
          "jansson_config.h"
        ],
        "dependent_modules": [
          "Modules requiring key-value storage in JSON processing"
        ],
        "analysis_insights": [
          "Efficient hash table implementation with rehashing capability",
          "Supports ordered iteration through stored key-value pairs",
          "Memory management integrated with JSON object handling"
        ]
      }
    },
    {
      "id": 4,
      "name": "D:\\Files\\ShowTask\\data\\jansson\\src\\hashtable.h",
      "fr": {
        "functional_relevance": {
          "score": 0.9,
          "reason": "Core data structure for JSON handling"
        },
        "criticality": {
          "score": 0.9,
          "reason": "Essential for JSON operations"
        },
        "functional_summary": "Provides hashtable implementation for JSON key-value storage and manipulation, including init, set, get, del, clear, and iteration functions.",
        "dependencies": [
          "jansson.h",
          "stdlib.h"
        ],
        "dependent_modules": [
          "Modules requiring JSON data storage/retrieval"
        ],
        "analysis_insights": [
          "Implements a custom hashtable with linked-list collision handling",
          "Supports ordered iteration through separate linked-list structure",
          "Designed for JSON value storage with reference counting integration"
        ]
      }
    },
    {
      "id": 5,
      "name": "D:\\Files\\ShowTask\\data\\jansson\\src\\hashtable_seed.c",
      "fr": {
        "functional_relevance": {
          "score": 0.8,
          "reason": "Core to random seed generation"
        },
        "criticality": {
          "score": 0.7,
          "reason": "Essential for hash function seeding"
        },
        "functional_summary": "Generates random seeds for hash functions using various methods including /dev/urandom, Windows CryptoAPI, and timestamp/PID fallback.",
        "dependencies": [
          "jansson.h",
          "windows.h",
          "stdint.h",
          "time.h",
          "unistd.h",
          "sys/time.h"
        ],
        "dependent_modules": [
          "Modules requiring hash function seeding"
        ],
        "analysis_insights": [
          "Supports multiple platforms with fallback mechanisms",
          "Thread-safe seed generation with atomic operations"
        ]
      }
    },
    {
      "id": 6,
      "name": "D:\\Files\\ShowTask\\data\\jansson\\src\\jansson.h",
      "fr": {
        "functional_relevance": {
          "score": 1,
          "reason": "Core JSON handling functionality"
        },
        "criticality": {
          "score": 1,
          "reason": "Central header for JSON operations"
        },
        "functional_summary": "Provides core JSON data structure definitions, manipulation functions, and serialization/deserialization utilities.",
        "dependencies": [
          "jansson_config.h",
          "stdarg.h",
          "stdio.h",
          "stdlib.h"
        ],
        "dependent_modules": [
          "All modules using JSON functionality in the project"
        ],
        "analysis_insights": [
          "Defines fundamental JSON data types and structures",
          "Implements thread-safe reference counting for JSON objects",
          "Provides comprehensive encoding/decoding functionality"
        ]
      }
    },
    {
      "id": 7,
      "name": "D:\\Files\\ShowTask\\data\\jansson\\src\\jansson_private.h",
      "fr": {
        "functional_relevance": {
          "score": 0.9,
          "reason": "Core data structures and utilities"
        },
        "criticality": {
          "score": 0.9,
          "reason": "Essential for JSON operations"
        },
        "functional_summary": "Defines internal data structures, utilities, and macros for JSON parsing and manipulation in Jansson library.",
        "dependencies": [
          "hashtable.h",
          "jansson.h",
          "jansson_private_config.h",
          "strbuffer.h"
        ],
        "dependent_modules": [
          "All modules using Jansson's core JSON handling"
        ],
        "analysis_insights": [
          "Contains critical type definitions for JSON objects, arrays, strings, etc.",
          "Provides memory management wrappers and error handling utilities"
        ]
      }
    },
    {
      "id": 8,
      "name": "D:\\Files\\ShowTask\\data\\jansson\\src\\load.c",
      "fr": {
        "functional_relevance": {
          "score": 1,
          "reason": "Core JSON parsing functionality"
        },
        "criticality": {
          "score": 1,
          "reason": "Irreplaceable for JSON parsing"
        },
        "functional_summary": "Implements lexical analysis and parsing of JSON data from various sources (strings, files, callbacks).",
        "dependencies": [
          "jansson_private.h",
          "strbuffer.h",
          "utf.h"
        ],
        "dependent_modules": [
          "Any module requiring JSON parsing"
        ],
        "analysis_insights": [
          "Handles UTF-8 encoding/decoding for international character support",
          "Implements strict JSON syntax validation with detailed error reporting",
          "Supports multiple input sources (strings, files, streams, callbacks)"
        ]
      }
    },
    {
      "id": 9,
      "name": "D:\\Files\\ShowTask\\data\\jansson\\src\\lookup3.h",
      "fr": {
        "functional_relevance": {
          "score": 0.9,
          "reason": "Core hashing functionality"
        },
        "criticality": {
          "score": 0.8,
          "reason": "Highly optimized, widely used"
        },
        "functional_summary": "Provides efficient 32-bit hash functions for hash table lookup, supporting variable-length keys and endian-aware operations.",
        "dependencies": [
          "stdint.h",
          "sys/param.h",
          "endian.h"
        ],
        "dependent_modules": [
          "Modules requiring hash table functionality"
        ],
        "analysis_insights": [
          "Optimized for little-endian architectures with fallback for big-endian",
          "Includes safety checks for memory protection tools like Valgrind"
        ]
      }
    },
    {
      "id": 10,
      "name": "D:\\Files\\ShowTask\\data\\jansson\\src\\memory.c",
      "fr": {
        "functional_relevance": {
          "score": 0.9,
          "reason": "Core memory management for JSON operations"
        },
        "criticality": {
          "score": 0.8,
          "reason": "Essential but replaceable with custom allocators"
        },
        "functional_summary": "Provides memory allocation, reallocation, and deallocation functions for JSON data handling, with customizable allocators.",
        "dependencies": [
          "jansson.h",
          "jansson_private.h"
        ],
        "dependent_modules": [
          "All modules handling JSON data in the project"
        ],
        "analysis_insights": [
          "Implements custom memory management hooks for JSON operations",
          "Provides fallback realloc emulation when realloc is not available"
        ]
      }
    },
    {
      "id": 11,
      "name": "D:\\Files\\ShowTask\\data\\jansson\\src\\pack_unpack.c",
      "fr": {
        "functional_relevance": {
          "score": 0.9,
          "reason": "Core JSON packing/unpacking functionality"
        },
        "criticality": {
          "score": 0.9,
          "reason": "Essential for JSON data handling"
        },
        "functional_summary": "Implements JSON packing (serialization) and unpacking (deserialization) with format string parsing and error handling.",
        "dependencies": [
          "jansson.h",
          "jansson_private.h",
          "utf.h"
        ],
        "dependent_modules": [
          "Modules requiring JSON serialization/deserialization"
        ],
        "analysis_insights": [
          "Implements format-string driven JSON processing with strict validation",
          "Supports optional values and error accumulation during processing"
        ]
      }
    },
    {
      "id": 12,
      "name": "D:\\Files\\ShowTask\\data\\jansson\\src\\strbuffer.c",
      "fr": {
        "functional_relevance": {
          "score": 0.8,
          "reason": "Core string buffer management"
        },
        "criticality": {
          "score": 0.7,
          "reason": "Essential but replaceable"
        },
        "functional_summary": "Provides dynamic string buffer management with initialization, appending, clearing, and value retrieval functions.",
        "dependencies": [
          "jansson_private.h",
          "strbuffer.h"
        ],
        "dependent_modules": [
          "Modules requiring dynamic string manipulation"
        ],
        "analysis_insights": [
          "Implements dynamic resizing for string buffers",
          "Provides safe memory management with overflow checks"
        ]
      }
    },
    {
      "id": 13,
      "name": "D:\\Files\\ShowTask\\data\\jansson\\src\\strbuffer.h",
      "fr": {
        "functional_relevance": {
          "score": 0.8,
          "reason": "Core string buffer handling"
        },
        "criticality": {
          "score": 0.9,
          "reason": "Essential for string operations"
        },
        "functional_summary": "Provides string buffer management including initialization, appending, clearing, and value retrieval.",
        "dependencies": [
          "jansson.h",
          "stdlib.h"
        ],
        "dependent_modules": [
          "Modules requiring dynamic string handling"
        ],
        "analysis_insights": [
          "Offers both safe and destructive (steal) value access",
          "Supports byte-level and bulk string operations"
        ]
      }
    },
    {
      "id": 14,
      "name": "D:\\Files\\ShowTask\\data\\jansson\\src\\strconv.c",
      "fr": {
        "functional_relevance": {
          "score": 0.8,
          "reason": "Handles core JSON number parsing/formatting"
        },
        "criticality": {
          "score": 0.9,
          "reason": "Essential for JSON numeric data processing"
        },
        "functional_summary": "Provides locale-aware double-to-string and string-to-double conversion functions for JSON number handling",
        "dependencies": [
          "jansson_private.h",
          "strbuffer.h",
          "math.h",
          "stdio.h",
          "string.h"
        ],
        "dependent_modules": [
          "JSON parser",
          "JSON serializer"
        ],
        "analysis_insights": [
          "Implements locale-aware decimal point handling for internationalization support",
          "Provides two implementations (DTOA_ENABLED) for floating-point conversion with fallback"
        ]
      }
    },
    {
      "id": 15,
      "name": "D:\\Files\\ShowTask\\data\\jansson\\src\\utf.c",
      "fr": {
        "functional_relevance": {
          "score": 0.9,
          "reason": "Core UTF-8 encoding/decoding functionality"
        },
        "criticality": {
          "score": 0.8,
          "reason": "Essential for text processing but replaceable"
        },
        "functional_summary": "Provides UTF-8 encoding, decoding, validation, and iteration functions for Unicode text processing.",
        "dependencies": [
          "utf.h"
        ],
        "dependent_modules": [
          "Modules requiring Unicode text processing"
        ],
        "analysis_insights": [
          "Implements full UTF-8 encoding/decoding specification with validation checks",
          "Provides both single-byte and multi-byte character handling"
        ]
      }
    },
    {
      "id": 16,
      "name": "D:\\Files\\ShowTask\\data\\jansson\\src\\utf.h",
      "fr": {
        "functional_relevance": {
          "score": 0.8,
          "reason": "Core UTF-8 handling functionality"
        },
        "criticality": {
          "score": 0.9,
          "reason": "Essential for text processing"
        },
        "functional_summary": "Provides UTF-8 encoding, validation, and iteration functions for Unicode text processing.",
        "dependencies": [
          "<stddef.h>",
          "<stdint.h>",
          "jansson_private_config.h"
        ],
        "dependent_modules": [
          "Modules requiring Unicode text processing"
        ],
        "analysis_insights": [
          "Offers comprehensive UTF-8 validation and iteration capabilities",
          "Header-only design with platform-aware includes"
        ]
      }
    },
    {
      "id": 17,
      "name": "D:\\Files\\ShowTask\\data\\jansson\\src\\value.c",
      "fr": {
        "functional_relevance": {
          "score": 1,
          "reason": "Core JSON handling implementation"
        },
        "criticality": {
          "score": 1,
          "reason": "Irreplaceable JSON operations"
        },
        "functional_summary": "Implements core JSON data type handling including objects, arrays, strings, integers, reals, and simple values with creation, manipulation, and comparison functions.",
        "dependencies": [
          "hashtable.h",
          "jansson_private.h",
          "utf.h",
          "stddef.h",
          "stdlib.h",
          "string.h",
          "math.h"
        ],
        "dependent_modules": [
          "Any module using JSON parsing/manipulation"
        ],
        "analysis_insights": [
          "Comprehensive implementation of JSON RFC standards",
          "Uses custom memory management (jsonp_malloc/jsonp_free)",
          "Includes deep copy functionality with cycle detection"
        ]
      }
    },
    {
      "id": 18,
      "name": "D:\\Files\\ShowTask\\data\\jansson\\src\\version.c",
      "fr": {
        "functional_relevance": {
          "score": "0.8",
          "reason": "Provides version info for core library"
        },
        "criticality": {
          "score": "0.7",
          "reason": "Version management is important but replaceable"
        },
        "functional_summary": "Provides version string and comparison functionality for the Jansson library",
        "dependencies": [
          "jansson.h"
        ],
        "dependent_modules": [
          "Modules requiring version checks"
        ],
        "analysis_insights": [
          "Exposes library version information through simple API",
          "Implements semantic version comparison logic"
        ]
      }
    }
  ],
  "sub_pumls": [
    {
      "module_name": "JSON Core Processing",
      "content": "@startuml\ntitle JSON Core Processing Communities level Function Flow Chart\n\nskinparam nodesep 30\nskinparam ranksep 40\n\npackage \"JSON Processing Core\" {\n  rectangle \"JSON serialization/deserialization\\nJSON parsing\\nJSON data manipulation\\nIncludes: Community_0\" as CORE #Red\n}\n\npackage \"Hashtable Storage\" {\n  rectangle \"Key-value storage\\nHash table operations\\nEfficient hashing\\nIncludes: Community_1\" as HT #Pink\n}\n\npackage \"String Utilities\" {\n  rectangle \"String buffer management\\nString-double conversion\\nJSON number handling\\nIncludes: Community_2\" as STR #Pink\n}\n\nCORE --> HT : \"Call (32x)\\nUse (32x)\\nParameter (8x)\" #Bold\nCORE --> STR : \"Call (23x)\\nUse (23x)\\nLink (25x)\" #Bold\nHT --> CORE : \"Call (7x)\\nParameter (5x)\\nUse (7x)\" \nSTR --> CORE : \"Call (4x)\\nUse (4x)\\nImplement (2x)\"\n\n@enduml"
    },
    {
      "module_name": "Unicode Text Services",
      "content": "@startuml\ntitle Unicode Text Services Communities level Function Flow Chart\n\nskinparam nodesep 30\nskinparam ranksep 40\n\npackage \"Unicode Text Services\" {\n  rectangle \"UTF-8 Encoding/Decoding & Validation\\nIncludes: UTF-8 encoding, UTF-8 decoding, Unicode validation\" as UnicodeServices #Red\n}\n\nnote right of UnicodeServices: Core Services\\nProject Alignment Score: 0.9\\nEssential for Unicode text handling\n\n@enduml"
    },
    {
      "module_name": "Data Conversion Utilities",
      "content": "@startuml\ntitle Data Conversion Utilities Communities level Function Flow Chart\n\nskinparam nodesep 30\nskinparam ranksep 40\n\npackage \"Data Conversion Utilities\" {\n  rectangle \"String/Double Conversion Utilities\\nIncludes: strtod, dtoa, IEEE arithmetic\" as DCU #Red\n}\n\nnote right of DCU\n  **Core Module**\n  Provides essential data parsing\n  and serialization utilities\nend note\n\n@enduml"
    }
  ]
}